VALIDATION,gs://demo-license-plate/Cars0.png,,,,,,,,,
VALIDATION,gs://demo-license-plate/Cars1.png,,,,,,,,,
VALIDATION,gs://demo-license-plate/Cars2.png,,,,,,,,,
VALIDATION,gs://demo-license-plate/Cars3.png,,,,,,,,,
VALIDATION,gs://demo-license-plate/Cars4.png,,,,,,,,,
VALIDATION,gs://demo-license-plate/Cars5.png,,,,,,,,,
VALIDATION,gs://demo-license-plate/Cars6.png,,,,,,,,,
VALIDATION,gs://demo-license-plate/Cars7.png,,,,,,,,,
VALIDATION,gs://demo-license-plate/Cars8.png,,,,,,,,,
VALIDATION,gs://demo-license-plate/Cars9.png,,,,,,,,,
VALIDATION,gs://demo-license-plate/Cars10.png,,,,,,,,,
VALIDATION,gs://demo-license-plate/Cars11.png,,,,,,,,,
VALIDATION,gs://demo-license-plate/Cars12.png,,,,,,,,,
VALIDATION,gs://demo-license-plate/Cars13.png,,,,,,,,,
VALIDATION,gs://demo-license-plate/Cars14.png,,,,,,,,,
VALIDATION,gs://demo-license-plate/Cars15.png,,,,,,,,,
VALIDATION,gs://demo-license-plate/Cars16.png,,,,,,,,,
VALIDATION,gs://demo-license-plate/Cars17.png,,,,,,,,,
VALIDATION,gs://demo-license-plate/Cars18.png,,,,,,,,,
VALIDATION,gs://demo-license-plate/Cars19.png,,,,,,,,,
VALIDATION,gs://demo-license-plate/Cars20.png,,,,,,,,,
VALIDATION,gs://demo-license-plate/Cars21.png,,,,,,,,,
VALIDATION,gs://demo-license-plate/Cars22.png,,,,,,,,,
VALIDATION,gs://demo-license-plate/Cars23.png,,,,,,,,,
VALIDATION,gs://demo-license-plate/Cars24.png,,,,,,,,,
VALIDATION,gs://demo-license-plate/Cars25.png,,,,,,,,,
VALIDATION,gs://demo-license-plate/Cars26.png,,,,,,,,,
VALIDATION,gs://demo-license-plate/Cars27.png,,,,,,,,,
VALIDATION,gs://demo-license-plate/Cars28.png,,,,,,,,,
VALIDATION,gs://demo-license-plate/Cars29.png,,,,,,,,,
VALIDATION,gs://demo-license-plate/Cars30.png,,,,,,,,,
VALIDATION,gs://demo-license-plate/Cars31.png,,,,,,,,,
VALIDATION,gs://demo-license-plate/Cars32.png,,,,,,,,,
VALIDATION,gs://demo-license-plate/Cars33.png,,,,,,,,,
VALIDATION,gs://demo-license-plate/Cars34.png,,,,,,,,,
VALIDATION,gs://demo-license-plate/Cars35.png,,,,,,,,,
VALIDATION,gs://demo-license-plate/Cars36.png,,,,,,,,,
VALIDATION,gs://demo-license-plate/Cars37.png,,,,,,,,,
VALIDATION,gs://demo-license-plate/Cars38.png,,,,,,,,,
VALIDATION,gs://demo-license-plate/Cars39.png,,,,,,,,,
VALIDATION,gs://demo-license-plate/Cars40.png,,,,,,,,,
VALIDATION,gs://demo-license-plate/Cars41.png,,,,,,,,,
VALIDATION,gs://demo-license-plate/Cars42.png,,,,,,,,,
VALIDATION,gs://demo-license-plate/Cars43.png,,,,,,,,,
VALIDATION,gs://demo-license-plate/Cars44.png,,,,,,,,,
VALIDATION,gs://demo-license-plate/Cars45.png,,,,,,,,,
VALIDATION,gs://demo-license-plate/Cars46.png,,,,,,,,,
VALIDATION,gs://demo-license-plate/Cars47.png,,,,,,,,,
VALIDATION,gs://demo-license-plate/Cars48.png,,,,,,,,,
VALIDATION,gs://demo-license-plate/Cars49.png,,,,,,,,,
VALIDATION,gs://demo-license-plate/Cars50.png,,,,,,,,,
VALIDATION,gs://demo-license-plate/Cars51.png,,,,,,,,,
VALIDATION,gs://demo-license-plate/Cars52.png,,,,,,,,,
VALIDATION,gs://demo-license-plate/Cars53.png,,,,,,,,,
VALIDATION,gs://demo-license-plate/Cars54.png,,,,,,,,,
VALIDATION,gs://demo-license-plate/Cars55.png,,,,,,,,,
VALIDATION,gs://demo-license-plate/Cars56.png,,,,,,,,,
VALIDATION,gs://demo-license-plate/Cars57.png,,,,,,,,,
VALIDATION,gs://demo-license-plate/Cars58.png,,,,,,,,,
VALIDATION,gs://demo-license-plate/Cars59.png,,,,,,,,,
VALIDATION,gs://demo-license-plate/Cars60.png,,,,,,,,,
VALIDATION,gs://demo-license-plate/Cars61.png,,,,,,,,,
VALIDATION,gs://demo-license-plate/Cars62.png,,,,,,,,,
VALIDATION,gs://demo-license-plate/Cars63.png,,,,,,,,,
VALIDATION,gs://demo-license-plate/Cars64.png,,,,,,,,,
VALIDATION,gs://demo-license-plate/Cars65.png,,,,,,,,,
VALIDATION,gs://demo-license-plate/Cars66.png,,,,,,,,,
VALIDATION,gs://demo-license-plate/Cars67.png,,,,,,,,,
VALIDATION,gs://demo-license-plate/Cars68.png,,,,,,,,,
VALIDATION,gs://demo-license-plate/Cars69.png,,,,,,,,,
TEST,gs://demo-license-plate/Cars70.png,,,,,,,,,
TEST,gs://demo-license-plate/Cars71.png,,,,,,,,,
TEST,gs://demo-license-plate/Cars72.png,,,,,,,,,
TEST,gs://demo-license-plate/Cars73.png,,,,,,,,,
TEST,gs://demo-license-plate/Cars74.png,,,,,,,,,
TEST,gs://demo-license-plate/Cars75.png,,,,,,,,,
TEST,gs://demo-license-plate/Cars76.png,,,,,,,,,
TEST,gs://demo-license-plate/Cars77.png,,,,,,,,,
TEST,gs://demo-license-plate/Cars78.png,,,,,,,,,
TEST,gs://demo-license-plate/Cars79.png,,,,,,,,,
TEST,gs://demo-license-plate/Cars80.png,,,,,,,,,
TEST,gs://demo-license-plate/Cars81.png,,,,,,,,,
TEST,gs://demo-license-plate/Cars82.png,,,,,,,,,
TEST,gs://demo-license-plate/Cars83.png,,,,,,,,,
TEST,gs://demo-license-plate/Cars84.png,,,,,,,,,
TEST,gs://demo-license-plate/Cars85.png,,,,,,,,,
TEST,gs://demo-license-plate/Cars86.png,,,,,,,,,
TEST,gs://demo-license-plate/Cars87.png,,,,,,,,,
TEST,gs://demo-license-plate/Cars88.png,,,,,,,,,
TEST,gs://demo-license-plate/Cars89.png,,,,,,,,,
TEST,gs://demo-license-plate/Cars90.png,,,,,,,,,
TEST,gs://demo-license-plate/Cars91.png,,,,,,,,,
TEST,gs://demo-license-plate/Cars92.png,,,,,,,,,
TEST,gs://demo-license-plate/Cars93.png,,,,,,,,,
TEST,gs://demo-license-plate/Cars94.png,,,,,,,,,
TEST,gs://demo-license-plate/Cars95.png,,,,,,,,,
TEST,gs://demo-license-plate/Cars96.png,,,,,,,,,
TEST,gs://demo-license-plate/Cars97.png,,,,,,,,,
TEST,gs://demo-license-plate/Cars98.png,,,,,,,,,
TEST,gs://demo-license-plate/Cars99.png,,,,,,,,,
TEST,gs://demo-license-plate/Cars100.png,,,,,,,,,
TEST,gs://demo-license-plate/Cars101.png,,,,,,,,,
TEST,gs://demo-license-plate/Cars102.png,,,,,,,,,
TEST,gs://demo-license-plate/Cars103.png,,,,,,,,,
TEST,gs://demo-license-plate/Cars104.png,,,,,,,,,
TEST,gs://demo-license-plate/Cars105.png,,,,,,,,,
TEST,gs://demo-license-plate/Cars106.png,,,,,,,,,
TEST,gs://demo-license-plate/Cars107.png,,,,,,,,,
TEST,gs://demo-license-plate/Cars108.png,,,,,,,,,
TEST,gs://demo-license-plate/Cars109.png,,,,,,,,,
TEST,gs://demo-license-plate/Cars110.png,,,,,,,,,
TEST,gs://demo-license-plate/Cars111.png,,,,,,,,,
TEST,gs://demo-license-plate/Cars112.png,,,,,,,,,
TEST,gs://demo-license-plate/Cars113.png,,,,,,,,,
TEST,gs://demo-license-plate/Cars114.png,,,,,,,,,
TEST,gs://demo-license-plate/Cars115.png,,,,,,,,,
UNASSIGNED,gs://demo-license-plate/Cars116.png,,,,,,,,,
UNASSIGNED,gs://demo-license-plate/Cars117.png,,,,,,,,,
UNASSIGNED,gs://demo-license-plate/Cars118.png,,,,,,,,,
UNASSIGNED,gs://demo-license-plate/Cars119.png,,,,,,,,,
UNASSIGNED,gs://demo-license-plate/Cars120.png,,,,,,,,,
UNASSIGNED,gs://demo-license-plate/Cars121.png,,,,,,,,,
UNASSIGNED,gs://demo-license-plate/Cars122.png,,,,,,,,,
UNASSIGNED,gs://demo-license-plate/Cars123.png,,,,,,,,,
UNASSIGNED,gs://demo-license-plate/Cars124.png,,,,,,,,,
UNASSIGNED,gs://demo-license-plate/Cars125.png,,,,,,,,,
UNASSIGNED,gs://demo-license-plate/Cars126.png,,,,,,,,,
UNASSIGNED,gs://demo-license-plate/Cars127.png,,,,,,,,,
UNASSIGNED,gs://demo-license-plate/Cars128.png,,,,,,,,,
UNASSIGNED,gs://demo-license-plate/Cars129.png,,,,,,,,,
UNASSIGNED,gs://demo-license-plate/Cars130.png,,,,,,,,,
UNASSIGNED,gs://demo-license-plate/Cars131.png,,,,,,,,,
UNASSIGNED,gs://demo-license-plate/Cars132.png,,,,,,,,,
UNASSIGNED,gs://demo-license-plate/Cars133.png,,,,,,,,,
UNASSIGNED,gs://demo-license-plate/Cars134.png,,,,,,,,,
UNASSIGNED,gs://demo-license-plate/Cars135.png,,,,,,,,,
UNASSIGNED,gs://demo-license-plate/Cars136.png,,,,,,,,,
UNASSIGNED,gs://demo-license-plate/Cars137.png,,,,,,,,,
UNASSIGNED,gs://demo-license-plate/Cars138.png,,,,,,,,,
UNASSIGNED,gs://demo-license-plate/Cars139.png,,,,,,,,,
UNASSIGNED,gs://demo-license-plate/Cars140.png,,,,,,,,,
UNASSIGNED,gs://demo-license-plate/Cars141.png,,,,,,,,,
UNASSIGNED,gs://demo-license-plate/Cars142.png,,,,,,,,,
UNASSIGNED,gs://demo-license-plate/Cars143.png,,,,,,,,,
UNASSIGNED,gs://demo-license-plate/Cars144.png,,,,,,,,,
UNASSIGNED,gs://demo-license-plate/Cars145.png,,,,,,,,,
UNASSIGNED,gs://demo-license-plate/Cars146.png,,,,,,,,,
UNASSIGNED,gs://demo-license-plate/Cars147.png,,,,,,,,,
UNASSIGNED,gs://demo-license-plate/Cars148.png,,,,,,,,,
UNASSIGNED,gs://demo-license-plate/Cars149.png,,,,,,,,,
UNASSIGNED,gs://demo-license-plate/Cars150.png,,,,,,,,,
UNASSIGNED,gs://demo-license-plate/Cars151.png,,,,,,,,,
UNASSIGNED,gs://demo-license-plate/Cars152.png,,,,,,,,,
UNASSIGNED,gs://demo-license-plate/Cars153.png,,,,,,,,,
UNASSIGNED,gs://demo-license-plate/Cars154.png,,,,,,,,,
UNASSIGNED,gs://demo-license-plate/Cars155.png,,,,,,,,,
UNASSIGNED,gs://demo-license-plate/Cars156.png,,,,,,,,,
UNASSIGNED,gs://demo-license-plate/Cars157.png,,,,,,,,,
UNASSIGNED,gs://demo-license-plate/Cars158.png,,,,,,,,,
UNASSIGNED,gs://demo-license-plate/Cars159.png,,,,,,,,,
UNASSIGNED,gs://demo-license-plate/Cars160.png,,,,,,,,,
UNASSIGNED,gs://demo-license-plate/Cars161.png,,,,,,,,,
UNASSIGNED,gs://demo-license-plate/Cars162.png,,,,,,,,,
UNASSIGNED,gs://demo-license-plate/Cars163.png,,,,,,,,,
UNASSIGNED,gs://demo-license-plate/Cars164.png,,,,,,,,,
UNASSIGNED,gs://demo-license-plate/Cars165.png,,,,,,,,,
UNASSIGNED,gs://demo-license-plate/Cars166.png,,,,,,,,,
UNASSIGNED,gs://demo-license-plate/Cars167.png,,,,,,,,,
UNASSIGNED,gs://demo-license-plate/Cars168.png,,,,,,,,,
UNASSIGNED,gs://demo-license-plate/Cars169.png,,,,,,,,,
UNASSIGNED,gs://demo-license-plate/Cars170.png,,,,,,,,,
UNASSIGNED,gs://demo-license-plate/Cars171.png,,,,,,,,,
UNASSIGNED,gs://demo-license-plate/Cars172.png,,,,,,,,,
UNASSIGNED,gs://demo-license-plate/Cars173.png,,,,,,,,,
UNASSIGNED,gs://demo-license-plate/Cars174.png,,,,,,,,,
UNASSIGNED,gs://demo-license-plate/Cars175.png,,,,,,,,,
UNASSIGNED,gs://demo-license-plate/Cars176.png,,,,,,,,,
UNASSIGNED,gs://demo-license-plate/Cars177.png,,,,,,,,,
UNASSIGNED,gs://demo-license-plate/Cars178.png,,,,,,,,,
UNASSIGNED,gs://demo-license-plate/Cars179.png,,,,,,,,,
UNASSIGNED,gs://demo-license-plate/Cars180.png,,,,,,,,,
UNASSIGNED,gs://demo-license-plate/Cars181.png,,,,,,,,,
UNASSIGNED,gs://demo-license-plate/Cars182.png,,,,,,,,,
UNASSIGNED,gs://demo-license-plate/Cars183.png,,,,,,,,,
UNASSIGNED,gs://demo-license-plate/Cars184.png,,,,,,,,,
UNASSIGNED,gs://demo-license-plate/Cars185.png,,,,,,,,,
UNASSIGNED,gs://demo-license-plate/Cars186.png,,,,,,,,,
UNASSIGNED,gs://demo-license-plate/Cars187.png,,,,,,,,,
UNASSIGNED,gs://demo-license-plate/Cars188.png,,,,,,,,,
UNASSIGNED,gs://demo-license-plate/Cars189.png,,,,,,,,,
UNASSIGNED,gs://demo-license-plate/Cars190.png,,,,,,,,,
UNASSIGNED,gs://demo-license-plate/Cars191.png,,,,,,,,,
UNASSIGNED,gs://demo-license-plate/Cars192.png,,,,,,,,,
UNASSIGNED,gs://demo-license-plate/Cars193.png,,,,,,,,,
UNASSIGNED,gs://demo-license-plate/Cars194.png,,,,,,,,,
UNASSIGNED,gs://demo-license-plate/Cars195.png,,,,,,,,,
UNASSIGNED,gs://demo-license-plate/Cars196.png,,,,,,,,,
UNASSIGNED,gs://demo-license-plate/Cars197.png,,,,,,,,,
UNASSIGNED,gs://demo-license-plate/Cars198.png,,,,,,,,,
UNASSIGNED,gs://demo-license-plate/Cars199.png,,,,,,,,,
UNASSIGNED,gs://demo-license-plate/Cars200.png,,,,,,,,,
UNASSIGNED,gs://demo-license-plate/Cars201.png,,,,,,,,,
UNASSIGNED,gs://demo-license-plate/Cars202.png,,,,,,,,,
UNASSIGNED,gs://demo-license-plate/Cars203.png,,,,,,,,,
UNASSIGNED,gs://demo-license-plate/Cars204.png,,,,,,,,,
UNASSIGNED,gs://demo-license-plate/Cars205.png,,,,,,,,,
UNASSIGNED,gs://demo-license-plate/Cars206.png,,,,,,,,,
UNASSIGNED,gs://demo-license-plate/Cars207.png,,,,,,,,,
UNASSIGNED,gs://demo-license-plate/Cars208.png,,,,,,,,,
UNASSIGNED,gs://demo-license-plate/Cars209.png,,,,,,,,,
UNASSIGNED,gs://demo-license-plate/Cars210.png,,,,,,,,,
UNASSIGNED,gs://demo-license-plate/Cars211.png,,,,,,,,,
UNASSIGNED,gs://demo-license-plate/Cars212.png,,,,,,,,,
UNASSIGNED,gs://demo-license-plate/Cars213.png,,,,,,,,,
UNASSIGNED,gs://demo-license-plate/Cars214.png,,,,,,,,,
UNASSIGNED,gs://demo-license-plate/Cars215.png,,,,,,,,,
UNASSIGNED,gs://demo-license-plate/Cars216.png,,,,,,,,,
UNASSIGNED,gs://demo-license-plate/Cars217.png,,,,,,,,,
UNASSIGNED,gs://demo-license-plate/Cars218.png,,,,,,,,,
UNASSIGNED,gs://demo-license-plate/Cars219.png,,,,,,,,,
UNASSIGNED,gs://demo-license-plate/Cars220.png,,,,,,,,,
UNASSIGNED,gs://demo-license-plate/Cars221.png,,,,,,,,,
UNASSIGNED,gs://demo-license-plate/Cars222.png,,,,,,,,,
UNASSIGNED,gs://demo-license-plate/Cars223.png,,,,,,,,,
UNASSIGNED,gs://demo-license-plate/Cars224.png,,,,,,,,,
UNASSIGNED,gs://demo-license-plate/Cars225.png,,,,,,,,,
UNASSIGNED,gs://demo-license-plate/Cars226.png,,,,,,,,,
UNASSIGNED,gs://demo-license-plate/Cars227.png,,,,,,,,,
UNASSIGNED,gs://demo-license-plate/Cars228.png,,,,,,,,,
UNASSIGNED,gs://demo-license-plate/Cars229.png,,,,,,,,,
UNASSIGNED,gs://demo-license-plate/Cars230.png,,,,,,,,,
UNASSIGNED,gs://demo-license-plate/Cars231.png,,,,,,,,,
UNASSIGNED,gs://demo-license-plate/Cars232.png,,,,,,,,,
UNASSIGNED,gs://demo-license-plate/Cars233.png,,,,,,,,,
UNASSIGNED,gs://demo-license-plate/Cars234.png,,,,,,,,,
UNASSIGNED,gs://demo-license-plate/Cars235.png,,,,,,,,,
UNASSIGNED,gs://demo-license-plate/Cars236.png,,,,,,,,,
UNASSIGNED,gs://demo-license-plate/Cars237.png,,,,,,,,,
UNASSIGNED,gs://demo-license-plate/Cars238.png,,,,,,,,,
UNASSIGNED,gs://demo-license-plate/Cars239.png,,,,,,,,,
UNASSIGNED,gs://demo-license-plate/Cars240.png,,,,,,,,,
UNASSIGNED,gs://demo-license-plate/Cars241.png,,,,,,,,,
UNASSIGNED,gs://demo-license-plate/Cars242.png,,,,,,,,,
UNASSIGNED,gs://demo-license-plate/Cars243.png,,,,,,,,,
UNASSIGNED,gs://demo-license-plate/Cars244.png,,,,,,,,,
UNASSIGNED,gs://demo-license-plate/Cars245.png,,,,,,,,,
UNASSIGNED,gs://demo-license-plate/Cars246.png,,,,,,,,,
UNASSIGNED,gs://demo-license-plate/Cars247.png,,,,,,,,,
UNASSIGNED,gs://demo-license-plate/Cars248.png,,,,,,,,,
UNASSIGNED,gs://demo-license-plate/Cars249.png,,,,,,,,,
UNASSIGNED,gs://demo-license-plate/Cars250.png,,,,,,,,,
UNASSIGNED,gs://demo-license-plate/Cars251.png,,,,,,,,,
UNASSIGNED,gs://demo-license-plate/Cars252.png,,,,,,,,,
UNASSIGNED,gs://demo-license-plate/Cars253.png,,,,,,,,,
UNASSIGNED,gs://demo-license-plate/Cars254.png,,,,,,,,,
UNASSIGNED,gs://demo-license-plate/Cars255.png,,,,,,,,,
UNASSIGNED,gs://demo-license-plate/Cars256.png,,,,,,,,,
UNASSIGNED,gs://demo-license-plate/Cars257.png,,,,,,,,,
UNASSIGNED,gs://demo-license-plate/Cars258.png,,,,,,,,,
UNASSIGNED,gs://demo-license-plate/Cars259.png,,,,,,,,,
UNASSIGNED,gs://demo-license-plate/Cars260.png,,,,,,,,,
UNASSIGNED,gs://demo-license-plate/Cars261.png,,,,,,,,,
UNASSIGNED,gs://demo-license-plate/Cars262.png,,,,,,,,,
UNASSIGNED,gs://demo-license-plate/Cars263.png,,,,,,,,,
UNASSIGNED,gs://demo-license-plate/Cars264.png,,,,,,,,,
UNASSIGNED,gs://demo-license-plate/Cars265.png,,,,,,,,,
UNASSIGNED,gs://demo-license-plate/Cars266.png,,,,,,,,,
UNASSIGNED,gs://demo-license-plate/Cars267.png,,,,,,,,,
UNASSIGNED,gs://demo-license-plate/Cars268.png,,,,,,,,,
UNASSIGNED,gs://demo-license-plate/Cars269.png,,,,,,,,,
UNASSIGNED,gs://demo-license-plate/Cars270.png,,,,,,,,,
UNASSIGNED,gs://demo-license-plate/Cars271.png,,,,,,,,,
UNASSIGNED,gs://demo-license-plate/Cars272.png,,,,,,,,,
UNASSIGNED,gs://demo-license-plate/Cars273.png,,,,,,,,,
UNASSIGNED,gs://demo-license-plate/Cars274.png,,,,,,,,,
UNASSIGNED,gs://demo-license-plate/Cars275.png,,,,,,,,,
UNASSIGNED,gs://demo-license-plate/Cars276.png,,,,,,,,,
UNASSIGNED,gs://demo-license-plate/Cars277.png,,,,,,,,,
UNASSIGNED,gs://demo-license-plate/Cars278.png,,,,,,,,,
UNASSIGNED,gs://demo-license-plate/Cars279.png,,,,,,,,,
UNASSIGNED,gs://demo-license-plate/Cars280.png,,,,,,,,,
UNASSIGNED,gs://demo-license-plate/Cars281.png,,,,,,,,,
UNASSIGNED,gs://demo-license-plate/Cars282.png,,,,,,,,,
UNASSIGNED,gs://demo-license-plate/Cars283.png,,,,,,,,,
UNASSIGNED,gs://demo-license-plate/Cars284.png,,,,,,,,,
UNASSIGNED,gs://demo-license-plate/Cars285.png,,,,,,,,,
UNASSIGNED,gs://demo-license-plate/Cars286.png,,,,,,,,,
UNASSIGNED,gs://demo-license-plate/Cars287.png,,,,,,,,,
UNASSIGNED,gs://demo-license-plate/Cars288.png,,,,,,,,,
UNASSIGNED,gs://demo-license-plate/Cars289.png,,,,,,,,,
UNASSIGNED,gs://demo-license-plate/Cars290.png,,,,,,,,,
UNASSIGNED,gs://demo-license-plate/Cars291.png,,,,,,,,,
UNASSIGNED,gs://demo-license-plate/Cars292.png,,,,,,,,,
UNASSIGNED,gs://demo-license-plate/Cars293.png,,,,,,,,,
UNASSIGNED,gs://demo-license-plate/Cars294.png,,,,,,,,,
UNASSIGNED,gs://demo-license-plate/Cars295.png,,,,,,,,,
UNASSIGNED,gs://demo-license-plate/Cars296.png,,,,,,,,,
UNASSIGNED,gs://demo-license-plate/Cars297.png,,,,,,,,,
UNASSIGNED,gs://demo-license-plate/Cars298.png,,,,,,,,,
UNASSIGNED,gs://demo-license-plate/Cars299.png,,,,,,,,,
UNASSIGNED,gs://demo-license-plate/Cars300.png,,,,,,,,,
UNASSIGNED,gs://demo-license-plate/Cars301.png,,,,,,,,,
UNASSIGNED,gs://demo-license-plate/Cars302.png,,,,,,,,,
UNASSIGNED,gs://demo-license-plate/Cars303.png,,,,,,,,,
UNASSIGNED,gs://demo-license-plate/Cars304.png,,,,,,,,,
UNASSIGNED,gs://demo-license-plate/Cars305.png,,,,,,,,,
UNASSIGNED,gs://demo-license-plate/Cars306.png,,,,,,,,,
UNASSIGNED,gs://demo-license-plate/Cars307.png,,,,,,,,,
UNASSIGNED,gs://demo-license-plate/Cars308.png,,,,,,,,,
UNASSIGNED,gs://demo-license-plate/Cars309.png,,,,,,,,,
UNASSIGNED,gs://demo-license-plate/Cars310.png,,,,,,,,,
UNASSIGNED,gs://demo-license-plate/Cars311.png,,,,,,,,,
UNASSIGNED,gs://demo-license-plate/Cars312.png,,,,,,,,,
UNASSIGNED,gs://demo-license-plate/Cars313.png,,,,,,,,,
UNASSIGNED,gs://demo-license-plate/Cars314.png,,,,,,,,,
UNASSIGNED,gs://demo-license-plate/Cars315.png,,,,,,,,,
UNASSIGNED,gs://demo-license-plate/Cars316.png,,,,,,,,,
UNASSIGNED,gs://demo-license-plate/Cars317.png,,,,,,,,,
UNASSIGNED,gs://demo-license-plate/Cars318.png,,,,,,,,,
UNASSIGNED,gs://demo-license-plate/Cars319.png,,,,,,,,,
UNASSIGNED,gs://demo-license-plate/Cars320.png,,,,,,,,,
UNASSIGNED,gs://demo-license-plate/Cars321.png,,,,,,,,,
UNASSIGNED,gs://demo-license-plate/Cars322.png,,,,,,,,,
UNASSIGNED,gs://demo-license-plate/Cars323.png,,,,,,,,,
UNASSIGNED,gs://demo-license-plate/Cars324.png,,,,,,,,,
UNASSIGNED,gs://demo-license-plate/Cars325.png,,,,,,,,,
UNASSIGNED,gs://demo-license-plate/Cars326.png,,,,,,,,,
UNASSIGNED,gs://demo-license-plate/Cars327.png,,,,,,,,,
UNASSIGNED,gs://demo-license-plate/Cars328.png,,,,,,,,,
UNASSIGNED,gs://demo-license-plate/Cars329.png,,,,,,,,,
UNASSIGNED,gs://demo-license-plate/Cars330.png,,,,,,,,,
UNASSIGNED,gs://demo-license-plate/Cars331.png,,,,,,,,,
UNASSIGNED,gs://demo-license-plate/Cars332.png,,,,,,,,,
UNASSIGNED,gs://demo-license-plate/Cars333.png,,,,,,,,,
UNASSIGNED,gs://demo-license-plate/Cars334.png,,,,,,,,,
UNASSIGNED,gs://demo-license-plate/Cars335.png,,,,,,,,,
UNASSIGNED,gs://demo-license-plate/Cars336.png,,,,,,,,,
UNASSIGNED,gs://demo-license-plate/Cars337.png,,,,,,,,,
UNASSIGNED,gs://demo-license-plate/Cars338.png,,,,,,,,,
UNASSIGNED,gs://demo-license-plate/Cars339.png,,,,,,,,,
UNASSIGNED,gs://demo-license-plate/Cars340.png,,,,,,,,,
UNASSIGNED,gs://demo-license-plate/Cars341.png,,,,,,,,,
UNASSIGNED,gs://demo-license-plate/Cars342.png,,,,,,,,,
UNASSIGNED,gs://demo-license-plate/Cars343.png,,,,,,,,,
UNASSIGNED,gs://demo-license-plate/Cars344.png,,,,,,,,,
UNASSIGNED,gs://demo-license-plate/Cars345.png,,,,,,,,,
UNASSIGNED,gs://demo-license-plate/Cars346.png,,,,,,,,,
UNASSIGNED,gs://demo-license-plate/Cars347.png,,,,,,,,,
UNASSIGNED,gs://demo-license-plate/Cars348.png,,,,,,,,,
UNASSIGNED,gs://demo-license-plate/Cars349.png,,,,,,,,,
UNASSIGNED,gs://demo-license-plate/Cars350.png,,,,,,,,,
UNASSIGNED,gs://demo-license-plate/Cars351.png,,,,,,,,,
UNASSIGNED,gs://demo-license-plate/Cars352.png,,,,,,,,,
UNASSIGNED,gs://demo-license-plate/Cars353.png,,,,,,,,,
UNASSIGNED,gs://demo-license-plate/Cars354.png,,,,,,,,,
UNASSIGNED,gs://demo-license-plate/Cars355.png,,,,,,,,,
UNASSIGNED,gs://demo-license-plate/Cars356.png,,,,,,,,,
UNASSIGNED,gs://demo-license-plate/Cars357.png,,,,,,,,,
UNASSIGNED,gs://demo-license-plate/Cars358.png,,,,,,,,,
UNASSIGNED,gs://demo-license-plate/Cars359.png,,,,,,,,,
UNASSIGNED,gs://demo-license-plate/Cars360.png,,,,,,,,,
UNASSIGNED,gs://demo-license-plate/Cars361.png,,,,,,,,,
UNASSIGNED,gs://demo-license-plate/Cars362.png,,,,,,,,,
UNASSIGNED,gs://demo-license-plate/Cars363.png,,,,,,,,,
UNASSIGNED,gs://demo-license-plate/Cars364.png,,,,,,,,,
UNASSIGNED,gs://demo-license-plate/Cars365.png,,,,,,,,,
UNASSIGNED,gs://demo-license-plate/Cars366.png,,,,,,,,,
UNASSIGNED,gs://demo-license-plate/Cars367.png,,,,,,,,,
UNASSIGNED,gs://demo-license-plate/Cars368.png,,,,,,,,,
UNASSIGNED,gs://demo-license-plate/Cars369.png,,,,,,,,,
UNASSIGNED,gs://demo-license-plate/Cars370.png,,,,,,,,,
UNASSIGNED,gs://demo-license-plate/Cars371.png,,,,,,,,,
UNASSIGNED,gs://demo-license-plate/Cars372.png,,,,,,,,,
UNASSIGNED,gs://demo-license-plate/Cars373.png,,,,,,,,,
UNASSIGNED,gs://demo-license-plate/Cars374.png,,,,,,,,,
UNASSIGNED,gs://demo-license-plate/Cars375.png,,,,,,,,,
UNASSIGNED,gs://demo-license-plate/Cars376.png,,,,,,,,,
UNASSIGNED,gs://demo-license-plate/Cars377.png,,,,,,,,,
UNASSIGNED,gs://demo-license-plate/Cars378.png,,,,,,,,,
UNASSIGNED,gs://demo-license-plate/Cars379.png,,,,,,,,,
UNASSIGNED,gs://demo-license-plate/Cars380.png,,,,,,,,,
UNASSIGNED,gs://demo-license-plate/Cars381.png,,,,,,,,,
UNASSIGNED,gs://demo-license-plate/Cars382.png,,,,,,,,,
UNASSIGNED,gs://demo-license-plate/Cars383.png,,,,,,,,,
UNASSIGNED,gs://demo-license-plate/Cars384.png,,,,,,,,,
UNASSIGNED,gs://demo-license-plate/Cars385.png,,,,,,,,,
UNASSIGNED,gs://demo-license-plate/Cars386.png,,,,,,,,,
UNASSIGNED,gs://demo-license-plate/Cars387.png,,,,,,,,,
UNASSIGNED,gs://demo-license-plate/Cars388.png,,,,,,,,,
UNASSIGNED,gs://demo-license-plate/Cars389.png,,,,,,,,,
UNASSIGNED,gs://demo-license-plate/Cars390.png,,,,,,,,,
UNASSIGNED,gs://demo-license-plate/Cars391.png,,,,,,,,,
UNASSIGNED,gs://demo-license-plate/Cars392.png,,,,,,,,,
UNASSIGNED,gs://demo-license-plate/Cars393.png,,,,,,,,,
UNASSIGNED,gs://demo-license-plate/Cars394.png,,,,,,,,,
UNASSIGNED,gs://demo-license-plate/Cars395.png,,,,,,,,,
UNASSIGNED,gs://demo-license-plate/Cars396.png,,,,,,,,,
UNASSIGNED,gs://demo-license-plate/Cars397.png,,,,,,,,,
UNASSIGNED,gs://demo-license-plate/Cars398.png,,,,,,,,,
UNASSIGNED,gs://demo-license-plate/Cars399.png,,,,,,,,,
UNASSIGNED,gs://demo-license-plate/Cars400.png,,,,,,,,,
UNASSIGNED,gs://demo-license-plate/Cars401.png,,,,,,,,,
UNASSIGNED,gs://demo-license-plate/Cars402.png,,,,,,,,,
UNASSIGNED,gs://demo-license-plate/Cars403.png,,,,,,,,,
UNASSIGNED,gs://demo-license-plate/Cars404.png,,,,,,,,,
UNASSIGNED,gs://demo-license-plate/Cars405.png,,,,,,,,,
UNASSIGNED,gs://demo-license-plate/Cars406.png,,,,,,,,,
UNASSIGNED,gs://demo-license-plate/Cars407.png,,,,,,,,,
UNASSIGNED,gs://demo-license-plate/Cars408.png,,,,,,,,,
UNASSIGNED,gs://demo-license-plate/Cars409.png,,,,,,,,,
UNASSIGNED,gs://demo-license-plate/Cars410.png,,,,,,,,,
UNASSIGNED,gs://demo-license-plate/Cars411.png,,,,,,,,,
UNASSIGNED,gs://demo-license-plate/Cars412.png,,,,,,,,,
UNASSIGNED,gs://demo-license-plate/Cars413.png,,,,,,,,,
UNASSIGNED,gs://demo-license-plate/Cars414.png,,,,,,,,,
UNASSIGNED,gs://demo-license-plate/Cars415.png,,,,,,,,,
UNASSIGNED,gs://demo-license-plate/Cars416.png,,,,,,,,,
UNASSIGNED,gs://demo-license-plate/Cars417.png,,,,,,,,,
UNASSIGNED,gs://demo-license-plate/Cars418.png,,,,,,,,,
UNASSIGNED,gs://demo-license-plate/Cars419.png,,,,,,,,,
UNASSIGNED,gs://demo-license-plate/Cars420.png,,,,,,,,,
UNASSIGNED,gs://demo-license-plate/Cars421.png,,,,,,,,,
UNASSIGNED,gs://demo-license-plate/Cars422.png,,,,,,,,,
UNASSIGNED,gs://demo-license-plate/Cars423.png,,,,,,,,,
UNASSIGNED,gs://demo-license-plate/Cars424.png,,,,,,,,,
UNASSIGNED,gs://demo-license-plate/Cars425.png,,,,,,,,,
UNASSIGNED,gs://demo-license-plate/Cars426.png,,,,,,,,,
UNASSIGNED,gs://demo-license-plate/Cars427.png,,,,,,,,,
UNASSIGNED,gs://demo-license-plate/Cars428.png,,,,,,,,,
UNASSIGNED,gs://demo-license-plate/Cars429.png,,,,,,,,,